Year,Acres,Latitude,Longitude
2016,0.1,31.96098399,-85.45364558
2016,0.08,31.95954399,-85.45713558
2016,0.25,31.912614,-85.23845565
2016,0.08,32.87823785,-87.12477006
2016,0.12,32.84979986,-87.15441306
2016,0.08,32.84699087,-87.30298301
2016,0.08,32.86739985,-87.08555807
2016,0.19,32.89203986,-87.41003198
2016,0.08,32.87050486,-87.30537501
2016,0.06,32.92435485,-87.31025801
2016,0.19,32.86524986,-87.10360507
2016,0.25,32.96843284,-87.38102699
2016,0.2,32.86323485,-87.05183208
2016,0.06,32.87310486,-87.31387301
2016,0.08,32.83809986,-87.11198507
2016,0.19,32.86250486,-87.31876301
2016,0.08,32.85142987,-87.31818701
2016,0.08,32.86273286,-87.15410006
2016,0.06,32.87179986,-87.19218704
2016,0.38,32.84984587,-87.30556701
2016,0.06,32.92393085,-87.38983699
2016,0.19,32.89007086,-87.40609198
2016,0.1,32.83871086,-87.18202205
2016,0.19,32.89928286,-87.39059299
2016,0.08,32.92443285,-87.31110201
2016,0.06,32.89568286,-87.346042
2016,0.06,32.93175985,-87.36457499
2016,0.02,32.93964785,-87.37235499
2016,0.06,32.85388286,-87.07237208
2016,0.19,32.89843786,-87.39043199
2016,0.19,32.87028285,-87.08196008
2016,0.25,32.86523086,-87.10278807
2016,0.02,32.89750786,-87.27756002
2016,0.06,32.88971486,-87.362007
2016,0.1,32.99616484,-87.39020498
2016,0.12,32.83854086,-87.18205705
2016,0.5,32.94760484,-87.17704804
2016,0.19,32.84959986,-87.18831505
2016,0.08,32.85116586,-87.12598806
2016,0.12,32.99198484,-87.316687
2016,0.12,33.03283082,-87.22360203
2016,0.08,32.89336986,-87.40419198
2016,0.12,32.84946987,-87.29031302
2016,0.1,32.86728985,-87.07437008
2016,0.25,32.87715585,-87.10113807
2016,0.02,33.01659383,-87.29221801
2016,0.06,32.88792786,-87.335213
2016,0.19,32.90684586,-87.328912
2016,0.05,32.89431485,-87.13714706
2016,0.12,32.86137586,-87.31555801
2016,0.06,32.87194786,-87.19052004
2016,0.06,32.88916786,-87.23809303
2016,0.19,32.91628984,-87.05895908
2016,0.12,32.84943587,-87.31736501
2016,0.12,32.86471286,-87.10539707
2016,0.06,32.85919086,-87.15031706
2016,0.06,32.93522585,-87.334838
2016,0.19,32.85369086,-87.12201506
2016,0.25,32.98846084,-87.39706498
2016,0.19,32.90617586,-87.38236499
2016,0.06,32.89182586,-87.29556301
2016,0.12,32.85979586,-87.29908202
2016,0.1,32.86797085,-87.06937808
2016,0.08,32.86448786,-87.10541207
2016,0.19,32.84899487,-87.31783301
2016,0.12,32.85053287,-87.31676301
2016,0.1,32.85904486,-87.28716802
2016,0.04,32.85719086,-87.28320802
2016,0.08,32.85714286,-87.05347808
2016,0.19,32.85036986,-87.12109007
2016,0.12,32.96734784,-87.334568
2016,0.08,32.87685085,-87.12172206
2016,0.06,32.91849285,-87.40406798
2016,0.1,32.92265485,-87.25850202
2016,0.1,32.90847486,-87.36612999
2016,0.19,32.88157986,-87.38003499
2016,0.08,32.83497987,-87.23279803
2016,0.38,32.84994087,-87.30509801
2016,0.05,32.85562986,-87.05432808
2016,0.05,33.01514883,-87.28503801
2016,0.1,32.86124086,-87.31644501
2016,0.1,32.85139487,-87.31588801
2016,0.06,32.85742086,-87.17323305
2016,0.05,33.79721361,-85.80554539
2016,0.05,33.90332358,-85.57943545
2016,0.05,34.2522135,-85.53304544
2016,0.12,32.72235988,-86.92456213
2016,0.08,32.69069989,-86.99786811
2016,0.25,32.71280288,-86.99206211
2016,0.05,32.80201987,-87.0056471
2016,0.19,32.71552288,-86.99105511
2016,0.12,32.75791487,-86.92291013
2016,0.1,32.76684087,-86.93685812
2016,0.06,32.67619589,-86.99683711
2016,0.06,32.79976986,-86.95674311
2016,0.1,32.72053788,-86.92693713
2016,0.12,32.76307087,-86.92860812
2016,0.12,32.79129287,-87.0065731
2016,0.06,32.79957587,-86.9889011
2016,0.12,32.16784804,-88.14218782
2016,0.08,31.73729814,-88.17602283
2016,0.08,31.77251513,-88.23457981
2016,0.05,31.77408813,-88.19859782
2016,0.05,32.27116702,-88.1919408
2016,0.1,32.09075806,-88.17852781
2016,0.08,31.98627508,-88.19978281
2016,0.25,32.01038008,-88.20451481
2016,0.2,31.8931011,-88.18224982
2016,0.38,32.11259305,-88.14223982
2016,0.25,32.11769506,-88.27018278
2016,0.25,32.17858104,-88.12855582
2016,0.18,32.03816007,-88.19399481
2016,0.19,31.75057313,-88.16028783
2016,0.19,32.15495105,-88.1859628
2016,0.19,32.03767007,-88.19397981
2016,0.25,31.99893508,-88.2093228
2016,0.08,31.9098831,-88.14419483
2016,0.12,31.88417111,-88.22095081
2016,0.04,31.78115613,-88.18348582
2016,0.19,32.09517306,-88.1944758
2016,0.12,31.78631513,-88.22713081
2016,0.25,32.03250107,-88.24253579
2016,0.19,31.75575013,-88.21258782
2016,0.3,31.70800614,-88.13327984
2016,0.25,31.73712613,-88.15596083
2016,0.1,32.25651002,-88.09805082
2016,0.19,32.29488602,-88.1676898
2016,0.05,31.77802213,-88.2775508
2016,0.05,32.08986806,-88.12909282
2016,0.08,31.87527011,-88.15860482
2016,0.25,31.96410609,-88.19750481
2016,0.12,32.02307808,-88.2075778
2016,0.15,31.8905911,-88.21978481
2016,0.04,32.29974501,-88.13921781
2016,0.09,31.77556113,-88.22285781
2016,0.1,32.24243603,-88.15027581
2016,0.1,32.23436103,-88.14750981
2016,0.15,31.75749013,-88.19903082
2016,0.08,31.9509881,-88.35642577
2016,0.08,32.05505007,-88.28873578
2016,0.25,31.9221961,-88.17190482
2016,0.25,31.72388314,-88.12885884
2016,0.12,32.18267004,-88.14851481
2016,0.25,31.97851309,-88.34855577
2016,0.12,31.9148161,-88.32470478
2016,0.06,32.04516607,-88.29372578
2016,0.25,32.20237003,-88.09426483
2016,0.1,32.24306902,-88.07550483
2016,0.08,31.94530009,-88.25820579
2016,0.04,31.9389331,-88.38232976
2016,0.1,32.03381607,-88.2124878
2016,0.04,32.06743306,-88.18252081
2016,0.12,31.9064481,-88.19360581
2016,0.08,31.85492011,-88.2504578
2016,0.1,32.17316304,-88.08546083
2016,0.5,32.10352606,-88.22834579
2016,0.18,31.9059381,-88.20427781
2016,0.19,31.71789014,-88.12131984
2016,0.11,32.27038602,-88.15098481
2016,0.05,32.23515802,-88.03499784
2016,0.1,31.9031511,-88.13515283
2016,0.15,32.19248004,-88.1985958
2016,0.12,32.16204604,-88.14981581
2016,0.05,31.84262311,-88.20263281
2016,0.08,32.29326801,-88.10106782
2016,0.12,32.10782006,-88.26164478
2016,0.25,31.75767513,-88.16188583
2016,0.02,31.96494209,-88.19658881
2016,0.12,32.15693005,-88.16929481
2016,0.1,31.9100781,-88.2458578
2016,0.12,32.09826606,-88.2136608
2016,0.06,31.85495311,-88.18110582
2016,0.08,31.88867011,-88.33748978
2016,0.75,31.92179808,-87.69812495
2016,0.19,31.94462608,-87.85249191
2016,0.15,31.94225108,-87.85672791
2016,0.1,31.96968507,-87.78924192
2016,0.12,31.85102911,-88.05545385
2016,0.15,31.89174509,-87.70134995
2016,0.08,31.92837609,-87.97767787
2016,0.08,31.94091609,-87.99324187
2016,0.1,31.71416014,-88.07012186
2016,0.1,31.97691607,-87.84037291
2016,0.12,31.91222009,-87.8729699
2016,0.5,31.88422109,-87.68651496
2016,0.1,31.82596311,-88.05145486
2016,0.19,31.83187411,-88.09691984
2016,0.18,31.90829608,-87.72246294
2016,0.25,31.73702313,-88.03434287
2016,0.38,31.82514611,-88.08300985
2016,0.25,31.8755381,-88.06007285
2016,0.12,31.89494009,-87.92055689
2016,0.08,31.81530111,-88.05210286
2016,0.05,31.98347107,-87.96432287
2016,0.5,31.96920808,-87.8770729
2016,0.19,31.79884112,-88.13061484
2016,0.12,31.91060108,-87.66829796
2016,0.12,31.83949811,-88.03665786
2016,0.09,31.93711508,-87.72129694
2016,0.08,31.81797511,-88.04710286
2016,0.1,31.90057109,-87.91552989
2016,0.15,31.94185507,-87.68010695
2016,0.08,31.96368407,-87.73146294
2016,0.62,31.92506808,-87.84744491
2016,0.19,31.8566481,-88.01470987
2016,0.25,31.78198512,-88.01738287
2016,0.38,31.91656308,-87.72500994
2016,0.25,31.97232308,-87.99955686
2016,0.19,31.83229311,-88.08650185
2016,0.08,31.95510507,-87.67720196
2016,0.15,31.96444808,-88.02032286
2016,0.12,31.98484107,-87.8774219
2016,0.25,31.93386508,-87.74762994
2016,0.15,31.97396008,-88.03714285
2016,0.3,31.90146308,-87.67746496
2016,0.1,31.95832008,-87.89588989
2016,0.5,31.82449512,-88.11915784
2016,0.09,31.90130908,-87.71976695
2016,0.08,31.91122009,-87.97493187
2016,0.08,31.96438307,-87.75709393
2016,0.05,31.83063511,-88.01298287
2016,0.1,31.96357607,-87.70774195
2016,0.08,31.89775308,-87.70150295
2016,0.1,31.95600607,-87.79346992
2016,0.19,31.98598807,-87.74392693
2016,0.12,31.96513607,-87.79636192
2016,0.38,31.83989811,-88.06996685
2016,0.1,31.93183308,-87.73262294
2016,0.38,31.79930312,-88.07683985
2016,0.25,31.94983508,-87.92621189
2016,0.1,31.8244201,-87.61458798
2016,0.31,31.81607111,-88.01840187
2016,0.38,31.95423307,-87.70614695
2016,0.12,31.79479012,-88.11523184
2016,0.15,31.81159112,-88.06862985
2016,0.25,31.81917012,-88.11371784
2016,0.06,31.96249008,-87.8821019
2016,0.5,31.98964507,-87.93414988
2016,0.25,31.81106612,-88.08185985
2016,0.12,31.80606612,-88.02113987
2016,0.19,31.83039611,-88.11352484
2016,0.25,31.78922312,-88.12472684
2016,0.25,31.94293708,-87.93458388
2016,0.19,31.93895608,-87.76327293
2016,0.25,31.96235807,-87.82594791
2016,0.19,31.79854112,-88.10542484
2016,0.08,31.94526508,-87.81922492
2016,0.04,31.93353108,-87.90703289
2016,0.38,31.78042812,-88.12921984
2016,0.25,31.92097108,-87.8680449
2016,0.12,31.93357608,-87.70707795
2016,0.08,31.86593509,-87.73374094
2016,0.12,31.94809607,-87.69247995
2016,0.12,31.80001812,-88.13862783
2016,0.12,31.83406611,-88.02936486
2016,0.38,31.96890808,-88.01214186
2016,0.5,31.78828512,-88.13178284
2016,0.08,31.84804811,-88.10759984
2016,0.25,31.77311513,-88.12063484
2016,0.1,31.77703113,-88.12024284
2016,0.25,31.74565813,-88.03772786
2016,0.19,31.98341507,-87.92589188
2016,0.38,31.91987208,-87.81255492
2016,0.12,31.73232313,-88.04049686
2016,0.12,31.94741807,-87.75771193
2016,0.05,33.45887368,-85.84637539
2016,0.05,33.45360368,-85.86110539
2016,0.05,33.46221368,-85.87971538
2016,0.05,33.45249369,-85.92193537
2016,0.05,33.72387361,-85.4405455
2016,0.04,31.52357913,-86.81362322
2016,0.04,32.02855001,-86.32282933
2016,0.04,32.02964401,-86.34242733
2016,0.08,32.02668401,-86.34348433
2016,0.75,32.6444139,-87.0399671
2016,0.12,32.65921789,-86.98309511
2016,0.06,32.68461789,-87.0280651
2016,0.5,32.6413679,-87.0394801
2016,1.25,32.6425959,-87.0396751
2016,0.5,32.6489649,-87.0351651
2016,0.05,32.7627749,-87.66820092
2016,0.19,32.86199487,-87.59204493
2016,0.08,32.99802584,-87.50527195
2016,0.05,32.84893188,-87.68662891
2016,0.12,32.93591485,-87.42908497
2016,0.05,33.00013584,-87.50393695
2016,0.19,32.89262787,-87.51133695
2016,0.19,32.90374686,-87.48225096
2016,0.12,32.81265889,-87.68377491
2016,0.12,32.89431586,-87.51746295
2016,0.06,32.89725487,-87.55365994
2016,0.06,32.85038488,-87.66762191
2016,0.19,32.86358787,-87.60395793
2016,0.05,32.99823584,-87.50376495
2016,0.06,32.85461287,-87.47683997
2016,0.12,32.95254085,-87.45634997
2016,0.06,32.86637088,-87.65922191
2016,0.08,32.90654486,-87.49376196
2016,0.25,32.88328486,-87.42717298
2016,0.06,32.91118486,-87.47012796
2016,0.12,32.92510286,-87.50294295
2016,0.06,32.92169786,-87.45640997
2016,0.09,32.91419986,-87.43754497
2016,0.19,32.84958088,-87.59046993
2016,0.02,32.98883684,-87.46512196
2016,0.08,32.85893288,-87.58597193
2016,0.19,32.85960087,-87.58530493
2016,0.06,32.98168985,-87.60711692
2016,0.05,32.87970286,-87.45170197
2016,0.25,32.90306486,-87.48701496
2016,0.08,32.88375786,-87.43273698
2016,0.1,32.89309587,-87.51678695
2016,0.31,32.93419485,-87.43387797
2016,0.25,32.98133284,-87.46135696
2016,0.06,32.94789585,-87.43919197
2016,0.12,32.91366586,-87.48770796
2016,0.25,32.93224086,-87.49174496
2016,0.08,32.87524487,-87.64258492
2016,0.06,32.93394985,-87.44626697
2016,0.05,32.87037787,-87.43205698
2016,0.19,32.89365586,-87.51329195
2016,0.05,32.86118988,-87.66581591
2016,0.12,32.94081285,-87.45241797
2016,0.25,32.94813285,-87.47755696
2016,0.19,32.82893488,-87.65400192
2016,0.06,32.89821586,-87.50222296
2016,0.08,32.92115786,-87.48951996
2016,0.09,32.87197488,-87.67760391
2016,0.04,32.85670488,-87.66201291
2016,0.05,32.84648387,-87.43237798
2016,0.08,32.97870284,-87.46242496
2016,0.08,32.83925987,-87.47596497
2016,0.06,32.77765489,-87.60630793
2016,0.05,32.96958585,-87.47713296
2016,0.19,32.87559787,-87.65537791
2016,0.12,32.84800988,-87.66532291
2016,1.25,32.94586485,-87.47688796
2016,0.19,32.93238085,-87.44055197
2016,0.19,32.85506488,-87.59249493
2016,0.1,32.99230284,-87.47652196
2016,0.05,32.99778584,-87.50488495
2016,0.04,32.83156088,-87.65931691
2016,0.08,32.91932586,-87.49304196
2016,0.06,32.95170985,-87.50776295
2016,0.25,32.99180284,-87.47662996
2016,0.06,32.90913786,-87.59876593
2016,0.25,32.99997084,-87.45413696
2016,0.06,32.89691986,-87.44530297
2016,0.12,32.94700485,-87.45848297
2016,0.25,32.94063985,-87.43179697
2016,0.12,32.95735585,-87.52480195
2016,0.06,32.85640987,-87.44027997
2016,0.12,32.87536987,-87.65505791
2016,0.02,32.98009584,-87.46283196
2016,0.25,32.93302586,-87.48675696
2016,0.12,32.87667087,-87.58106293
2016,0.19,32.94563485,-87.47541796
2016,0.08,32.95578485,-87.51131195
2016,0.08,32.91695286,-87.49312296
2016,0.19,32.92317486,-87.49002796
2016,0.06,32.85920287,-87.44102298
2016,0.06,32.88257987,-87.47240296
2016,0.12,32.90722986,-87.52739995
2016,0.1,32.80377288,-87.54904995
2016,0.1,32.96358485,-87.48841796
2016,0.08,32.97530985,-87.51617295
2016,0.12,32.91816786,-87.47219496
2016,0.05,32.82416089,-87.69650791
2016,0.08,32.47519587,-85.28412761
2016,0.05,32.24354098,-86.7642622
2016,0.06,31.98544702,-86.4525333
2016,0.05,31.99017802,-86.49763228
2016,0.02,32.01230902,-86.52693127
2016,0.02,31.98301602,-86.49317229
2016,0.02,31.98066902,-86.50026028
2016,0.02,32.00549902,-86.56999526
2016,0.02,32.00215002,-86.55446527
2016,0.02,31.99923702,-86.50701628
2016,0.02,32.00248002,-86.57599726
2016,0.02,32.01624701,-86.4225383
2016,0.02,32.12853099,-86.43786729
2016,0.02,32.00692302,-86.56918826
2016,0.02,32.00082102,-86.47048129
2016,0.05,31.98925602,-86.49601128
2016,0.02,31.99944502,-86.50883728
2016,0.02,31.97989102,-86.50438328
2016,0.05,32.12788099,-86.43574329
2016,0.03,32.49884488,-85.74119247
2016,0.1,32.03904006,-87.75303293
2016,0.15,32.05979005,-87.8519429
2016,0.05,32.03530605,-87.71511494
2016,0.08,32.14593104,-87.88104489
2016,0.05,32.14913304,-87.93769987
2016,0.19,32.08325305,-87.98592486
2016,0.08,32.19464803,-87.96254686
2016,0.25,31.99353907,-87.77822093
2016,0.1,32.01911807,-87.90211789
2016,0.04,32.06321505,-87.68172795
2016,0.08,32.05484806,-87.97850787
2016,0.19,32.08486805,-87.8661229
2016,0.12,32.00032807,-87.8696479
2016,0.12,32.02534806,-87.8651539
2016,0.75,32.00039607,-87.8526319
2016,0.12,32.04643506,-87.93894488
2016,0.08,32.04998805,-87.75112193
2016,0.08,32.05222505,-87.68108195
2016,0.38,31.99579507,-87.96569187
2016,0.25,32.15997304,-87.91424188
2016,0.1,32.07565805,-87.8392869
2016,0.25,32.13888304,-87.95209487
2016,0.1,32.00578507,-87.94965288
2016,0.08,32.02221507,-88.04007185
2016,0.12,32.08397805,-87.87138189
2016,0.12,32.00377307,-87.91583489
2016,0.12,32.03654806,-87.89816489
2016,0.08,32.22600002,-87.91955787
2016,0.1,32.16904204,-87.98452086
2016,0.12,32.03934306,-87.76290793
2016,0.1,32.17085503,-87.91360188
2016,0.1,32.01922507,-87.98733187
2016,0.04,31.99279106,-87.72257794
2016,0.1,32.02859506,-87.80162692
2016,0.1,32.03948806,-87.87705689
2016,0.04,32.16119803,-87.88790989
2016,0.06,32.15468004,-87.97912486
2016,0.08,32.14407804,-87.86030989
2016,0.1,32.05815306,-87.96355687
2016,0.08,32.01589107,-87.94130688
2016,0.08,32.13198304,-87.8561969
2016,0.1,32.10350805,-87.96159187
2016,0.04,32.13212104,-87.8406099
2016,0.25,32.02597307,-87.95705687
2016,0.08,32.02059806,-87.74162793
2016,0.12,32.03936606,-87.94193288
2016,0.25,32.00501306,-87.73861193
2016,0.12,32.02225506,-87.75110693
2016,0.1,32.14567304,-87.89293789
2016,0.38,32.13320504,-87.91281788
2016,0.11,32.11081504,-87.86723489
2016,0.25,31.99009507,-87.92233388
2016,0.08,32.06135306,-87.95398187
2016,0.04,31.69932211,-87.23833509
2016,0.02,31.28892421,-87.627752
2016,0.02,31.68007711,-87.14752312
2016,0.05,32.075551,-86.32069633
2016,0.02,31.98912701,-86.23887736
2016,0.05,31.97601202,-86.27442235
2016,0.02,31.97416202,-86.22001336
2016,0.02,32.047088,-86.24700835
2016,0.02,32.022168,-86.05030741
2016,0.02,31.97752201,-86.12644439
2016,0.02,32.09696999,-86.15466538
2016,0.05,32.06707899,-86.14932338
2016,0.05,31.97793702,-86.24967735
2016,0.02,32.048726,-86.24044135
2016,0.05,32.05806,-86.23847735
2016,0.02,32.00104201,-86.24366536
2016,0.02,31.98000702,-86.28804234
2016,0.02,32.06367199,-86.18004737
2016,0.02,32.11191599,-86.24783335
2016,0.02,32.018064,-86.0699754
2016,0.08,32.09248999,-86.10001739
2016,0.05,32.09294598,-86.09951339
2016,0.02,32.00171301,-86.24503235
2016,0.02,31.98867001,-86.22893336
2016,0.02,32.00137701,-86.25325935
2016,0.05,32.036105,-86.25114635
2016,0.05,31.97363301,-86.22157236
2016,0.06,32.77081487,-87.06982808
2016,0.06,32.76855088,-87.15789506
2016,0.05,32.80906087,-87.30488802
2016,0.19,32.82479986,-87.06757708
2016,0.25,32.82963786,-87.13774206
2016,0.19,32.87028787,-87.41785498
2016,0.06,32.82116987,-87.12548037
2016,0.12,32.78167087,-87.15410506
2016,0.05,32.82631086,-87.11588507
2016,0.08,32.77274488,-87.13623707
2016,0.04,32.77498088,-87.21217204
2016,0.2,32.78185988,-87.17488705
2016,0.06,32.80194287,-87.23027304
2016,0.19,32.84654087,-87.36016
2016,0.06,32.85048987,-87.340595
2016,0.12,32.82697286,-87.15451706
2016,0.06,32.80916487,-87.19277005
2016,0.5,32.81382587,-87.16988805
2016,0.12,32.76853287,-87.08880008
2016,0.1,32.80304087,-87.12104007
2016,0.04,32.81262987,-87.14729706
2016,0.19,32.82389087,-87.14459506
2016,0.08,32.84391287,-87.346253
2016,0.38,32.81339087,-87.16986205
2016,0.1,32.80276787,-87.19609505
2016,0.19,32.83435286,-87.16774205
2016,0.12,32.84296987,-87.341185
2016,0.12,32.84833987,-87.363915
2016,0.05,32.85086587,-87.31987001
2016,0.12,32.83356987,-87.372333
2016,0.12,32.77674087,-87.03803309
2016,0.12,32.82857587,-87.26744503
2016,0.19,32.82732787,-87.15428206
2016,0.06,32.79937087,-87.19037305
2016,0.1,32.82748787,-87.26765303
2016,0.12,32.83621087,-87.37628499
2016,0.06,32.79738288,-87.45951497
2016,0.25,32.81661987,-87.32700201
2016,0.12,32.78231488,-87.21619304
2016,0.12,32.77045788,-87.15376506
2016,0.06,32.84479287,-87.346523
2016,0.06,32.84411987,-87.343477
2016,0.05,32.78965987,-87.08547708
2016,0.06,32.81364987,-87.32386301
2016,0.05,32.77786588,-87.17491205
2016,0.06,32.84719787,-87.33170801
2016,0.19,32.81235988,-87.35431
2016,0.1,32.85175787,-87.39467499
2016,0.08,32.76870588,-87.20414505
2016,0.04,32.77189488,-87.22097804
2016,0.05,32.86678487,-87.37246699
2016,0.04,32.78716587,-87.04654509
2016,0.1,32.85259987,-87.39437499
2016,0.1,32.7036779,-87.41327999
2016,0.06,32.69537789,-87.0399351
2016,0.06,32.79819587,-87.19086705
2016,0.12,32.86917586,-87.358295
2016,0.05,32.79684787,-87.18809505
2016,0.12,32.83715987,-87.37675999
2016,0.19,32.82741987,-87.32623301
2016,0.25,32.79293287,-87.10205207
2016,0.19,32.83417287,-87.372693
2016,0.25,32.85319787,-87.3467
2016,0.06,32.79038588,-87.366313
2016,0.25,32.80585087,-87.14495206
2016,0.38,32.86679286,-87.37095499
2016,0.06,32.80156987,-87.19562205
2016,0.19,32.82770087,-87.26830702
2016,0.25,32.81361787,-87.16868505
2016,0.12,32.81637987,-87.32729801
2016,0.19,32.85427287,-87.36042
2016,0.08,32.6880659,-87.392317
2016,0.38,32.80567487,-87.14664706
2016,0.19,32.80188587,-87.14403306
2016,0.19,32.85732787,-87.335092
2016,0.05,32.82100088,-87.39576799
2016,0.05,32.80050787,-87.18170205
2016,0.08,32.83324587,-87.41242698
2016,0.12,32.78483987,-87.16250806
2016,0.1,32.82741787,-87.19384805
2016,0.06,32.84342087,-87.343158
2016,0.08,32.85930087,-87.351903
2016,0.19,32.78948087,-87.08621808
2016,0.12,32.83474287,-87.34704
2016,0.5,32.80431787,-87.16205306
2016,0.1,32.76986288,-87.20369805
2016,0.06,32.79145787,-87.13773506
2016,0.12,32.80257787,-87.19493805
2016,0.09,32.80986088,-87.45554797
2016,0.25,32.80487987,-87.16055506
2016,0.08,32.82085787,-87.12576806
2016,0.08,32.78322088,-87.21515204
2016,0.12,32.82678487,-87.19413005
2016,0.06,32.80049288,-87.41377199
2016,0.06,32.75683588,-87.05752509
2016,0.1,32.80985087,-87.17101805
2016,0.1,32.82693287,-87.15444706
2016,0.04,32.83258487,-87.41261998
2016,0.09,32.75073788,-87.05947909
2016,0.12,32.80881488,-87.41768998
2016,0.06,32.79709487,-87.18774505
2016,0.05,32.76530988,-87.11881607
2016,0.05,32.78721287,-87.08742308
2016,0.19,32.82383487,-87.14455306
2016,0.19,32.82880287,-87.40396799
2016,0.06,32.78384587,-87.16130706
2016,0.06,32.86384486,-87.32035001
2016,0.12,32.83379486,-87.16941705
2016,0.05,32.80080788,-87.41482198
2016,0.15,32.83595987,-87.37594999
2016,0.19,32.82386787,-87.16008506
2016,0.05,32.79807587,-87.19201005
2016,0.25,32.82743487,-87.32595701
2016,0.04,32.81725786,-87.04288009
2016,0.19,32.82371487,-87.16042306
2016,0.06,32.76961588,-87.12963507
2016,0.19,32.84893587,-87.36419
2016,0.08,32.87177187,-87.38839999
2016,0.12,32.81479487,-87.16892505
2016,0.38,32.78908287,-87.03719209
2016,0.12,32.86209286,-87.32026201
2016,0.06,32.84780587,-87.346298
2016,0.06,32.80249487,-87.22916804
2016,0.06,32.80249487,-87.07023808
2016,0.06,32.78621488,-87.41694299
2016,0.06,32.82858587,-87.17638305
2016,0.25,32.80252787,-87.14413206
2016,0.06,32.81987087,-87.12664807
2016,0.12,32.78199288,-87.17405705
2016,0.05,32.82494788,-87.44444798
2016,0.05,33.1044338,-86.91110511
2016,0.05,33.38665372,-86.47721522
2016,0.02,32.33115201,-88.1630768
2016,0.02,32.34349301,-88.1634458
2016,0.02,32.31221201,-88.09681782
2016,0.02,32.33501601,-88.1474198
2016,0.02,32.31171101,-88.12863581
2016,0.02,32.34099601,-88.1601128
2016,0.04,32.32649101,-88.14623381
2016,0.02,32.31307001,-88.12854581
2016,0.02,32.30875001,-88.11174782
2016,0.19,32.30767501,-88.20216979
2016,0.05,32.30878001,-88.10245882
2016,0.05,33.38860371,-86.30360527
2016,0.05,33.34665372,-86.34471526
2016,0.05,33.43776369,-85.92637537
2016,0.05,33.43860369,-85.94554537
2016,0.05,33.45499369,-85.97082536
2016,0.1,33.44054369,-85.98776535
2016,0.05,33.44721369,-85.99332535
2016,0.05,33.52137367,-85.89387538
2016,0.02,33.02649583,-87.45435196
2016,0.75,33.01260784,-87.49665295
2016,0.06,33.00590984,-87.54787194
2016,0.02,33.01204184,-87.42932397
2016,0.19,33.02783983,-87.43828297
2016,0.08,33.03530283,-87.42348797
2016,0.06,33.02276883,-87.34411299
2016,0.75,33.01273284,-87.46715996
2016,0.75,33.01323784,-87.50015695
2016,0.11,33.02137383,-87.34235899
2016,0.08,33.02760084,-87.47722695
2016,0.19,33.03664083,-87.46870196
2016,0.12,33.01367484,-87.45962296
2016,0.11,31.67920715,-88.11819785
2016,0.05,31.18589725,-88.15745586
2016,0.02,31.23477024,-88.11588387
2016,0.04,31.91050806,-87.05779213
2016,0.02,31.91143006,-86.98713015
2016,0.05,31.93120605,-87.05859013
2016,0.05,31.88790406,-86.98967615
2016,0.08,31.88636508,-87.62981997
2016,0.02,32.18700101,-87.460508
2016,0.05,31.93792507,-87.62594997
2016,0.19,31.93593605,-87.08070512
2016,0.19,31.94362607,-87.63395997
2016,0.1,31.91938506,-87.03729314
2016,0.08,31.85573207,-87.01854814
2016,0.05,31.85628106,-86.90904017
2016,0.1,31.91862006,-87.04700813
2016,39,29.91110536,-82.41221854
2016,25,29.91694436,-82.41608654
2016,162,29.7250844,-82.20609661
2016,8,29.7176744,-82.2249596
2016,24,29.7307444,-82.18911461
2016,4,29.7285204,-82.18830861
2016,10,29.74142839,-82.19959961
2016,0.25,29.69222341,-82.36330556
2016,5,30.34249925,-82.19640059
2016,0.5,30.34487425,-82.19035659
2016,1,30.35013425,-82.18690659
2016,0.1,30.36520425,-82.17472659
2016,0.25,30.35962425,-82.17720659
2016,3,30.35372425,-82.17203659
2016,1,30.34628425,-82.1695466
2016,0.25,30.34484425,-82.19202659
2016,1,30.34316425,-82.1696266
2016,3,30.35715425,-82.1522066
2016,0.25,30.35464425,-82.1528066
2016,0.1,30.35471425,-82.21148658
2016,1,30.34035425,-82.09641662
2016,4,30.35911425,-82.05465663
2016,1,30.35205425,-82.07129662
2016,2,30.36027425,-82.10150662
2016,0.1,30.25517428,-82.31548656
2016,0.5,30.34751525,-82.12021361
2016,0.1,30.34609125,-82.12013461
2016,0.5,30.33221125,-82.1647846
2016,38,30.10954431,-82.10059663
2016,0.25,30.1231643,-82.09623663
2016,0.6,29.91772167,-82.40136701
2016,0.5,29.92064434,-81.8685767
2016,70,30.15089429,-81.81909671
2016,2.2,29.90789437,-82.68239646
2016,1,30.09301566,-82.48757454
2016,16,30.09123889,-82.48951267
2016,8,30.0940682,-82.48791973
2016,7,30.09549563,-82.48765216
2016,5,30.09799371,-82.4760309
2016,20,30.0993984,-82.48255296
2016,12.5,30.10205808,-82.46991689
2016,12.5,30.10148547,-82.46987011
2016,0.5,30.0936249,-82.4851533
2016,20,30.09716849,-82.47826083
2016,4,30.10295123,-82.48123665
2016,10,30.09951432,-82.46977652
2016,6,30.09121432,-82.49399651
2016,0.5,29.89999437,-82.60809649
2016,11,30.06349433,-82.5441965
2016,22,30.06449433,-82.5425965
2016,1,30.06473433,-82.5412765
2016,6,30.09433432,-82.49942651
2016,78,30.4980942,-81.61179675
2016,1.5,30.63187427,-84.87057747
2016,0.5,30.62678094,-84.8888258
2016,0.75,30.43949425,-83.01699635
2016,0.25,30.43669426,-83.10039632
2016,0.1,30.42199426,-82.95959636
2016,40,30.41119426,-82.95979636
2016,2,30.41969426,-82.96009636
2016,0.5,30.42089426,-82.96079636
2016,3,30.42189426,-82.97129636
2016,0.5,30.42099426,-82.97099636
2016,0.1,30.47419425,-82.98219636
2016,1,30.49459424,-82.98149636
2016,1.5,30.46599425,-82.97939636
2016,10,30.42099426,-82.98099636
2016,0.1,30.47419425,-82.98199636
2016,1,30.49449424,-82.98149636
2016,0.1,30.44099426,-83.08489633
2016,0.1,30.44109426,-83.08589633
2016,1,30.44079426,-83.08629633
2016,0.1,30.42899426,-83.06329633
2016,2,30.43159426,-83.13299631
2016,0.1,30.42299426,-82.94299637
2016,2,30.43179426,-83.14279631
2016,0.5,30.42409426,-83.1629963
2016,1,30.47759425,-82.99209635
2016,1,30.44169425,-82.98009636
2016,0.5,30.47809425,-82.99639635
2016,1,30.49859425,-83.1810963
2016,0.05,30.49909425,-83.1812963
2016,0.1,30.43989426,-83.11909632
2016,1,29.94089437,-82.92769639
2016,1,29.93890437,-82.92951639
2016,80,30.2834253,-83.23447429
2016,2.83,30.29927529,-83.23019829
2016,0.73,30.29743329,-83.23131329
2016,1.04,30.2640623,-83.24311529
2016,0.5,30.40433823,-81.98997365
2016,1,30.39099424,-81.99382964
2016,0.1,30.39236624,-82.03285363
2016,3,30.38432624,-82.03140963
2016,0.2,30.38090124,-82.02795164
2016,2,30.38150724,-82.03402963
2016,3,30.37626824,-82.03022264
2016,8,30.50666821,-82.01325263
2016,9,30.49792521,-82.00958364
2016,7,30.48682721,-81.99199664
2016,5,30.44026823,-82.02783863
2016,1,30.29382726,-82.03299664
2016,0.4,30.40550823,-81.91871567
2016,0.2,30.40040723,-81.92278167
2016,8,30.44280822,-82.02997663
2016,8,30.44244223,-82.02660963
2016,0,30.41899423,-82.03182963
2016,0,30.38132724,-82.01316364
2016,3,30.31752425,-82.01890664
2016,4,30.31899425,-82.02216364
2016,8,30.45416122,-81.89882967
2016,4,30.44199422,-81.91616367
2016,7,30.45082722,-81.90049667
2016,4,30.45049422,-81.90532967
2016,3,30.63510317,-81.57102276
2016,0.3,30.63516117,-81.57099676
2016,0.2,30.44669922,-81.83033569
2016,6,30.65423718,-82.04364762
2016,0.5,30.65746118,-82.02874562
2016,4,30.44516122,-82.01816364
2016,4,30.42951623,-81.93094966
2016,0.2,30.42122423,-81.91269567
2016,0.1,30.57985218,-81.70388072
2016,0.5,30.58055318,-81.70334372
2016,1.2,30.57364519,-81.71482272
2016,0,30.47850322,-82.01268764
2016,0,30.48023322,-82.01932463
2016,7,30.49502921,-82.00430164
2016,2,30.32402525,-82.01887664
2016,6,30.46415322,-81.89824767
2016,0,30.42351423,-81.89764967
2016,3,30.44215322,-81.91390867
2016,0,30.42158523,-82.02822163
2016,6,30.44477122,-82.02004164
2016,2,30.45676822,-81.90192367
2016,2,30.45979122,-81.90072067
2016,0.1,30.43235422,-81.94183066
2016,2,30.40036824,-82.03930863
2016,0.5,30.32653025,-82.03513164
2016,2,30.42140123,-82.03169163
2016,0,30.35836724,-82.01600364
2016,9,29.63340341,-81.73353375
2016,6,29.63348041,-81.73353075
2016,0.1,29.76236437,-81.70677475
2016,35,29.6510944,-81.74032875
2016,0.1,29.61526141,-81.77415974
2016,3,29.75749438,-81.70789675
2016,1.5,29.73082738,-81.73708775
2016,0.4,29.73119438,-81.79859673
2016,6,29.6508274,-81.73999675
2016,0.6,29.77269438,-81.84905671
2016,1,29.6501374,-81.78336274
2016,1,29.63358141,-81.76691174
2016,3,29.6667604,-81.78335373
2016,5,29.6667384,-81.76692174
2016,0.5,29.76683038,-81.76676174
2016,2,29.88527234,-81.49471881
2016,2,30.09716729,-81.39076983
2016,2,29.99918631,-81.45232182
2016,2,30.09777629,-81.39548283
2016,1,29.92280033,-81.5144348
2016,3,29.88371134,-81.50944181
2016,2,29.93582733,-81.46249682
2016,1,29.95805032,-81.44832982
2016,1,29.94621032,-81.44325782
2016,1,29.94249433,-81.46777482
2016,3,29.99360531,-81.43194082
2016,2,30.12246528,-81.39554283
2016,4,30.10287229,-81.39460783
2016,4,30.10221629,-81.38055284
2016,1,30.08971629,-81.38582983
2016,2,30.13941228,-81.38670483
2016,2,30.12333428,-81.42037882
2016,2,30.11725828,-81.41326782
2016,1,30.2759943,-83.23399629
2016,5,30.25407764,-83.23602407
2016,2,30.42218726,-83.07440033
2016,,30.18929432,-83.24289629
2016,,30.42169426,-83.07389633
2016,,30.41539426,-83.04159634
2016,0.1,30.2785943,-83.23239629
2016,2,30.09701436,-83.79268914
2016,5,30.09626636,-83.82524313
2016,2,30.08275536,-83.78602414
2016,60,30.06290437,-83.82553613
2016,0.5,30.08882532,-82.47428953
2016,0.2,30.0876153,-82.47297681
2016,0.2,30.04961767,-82.5010279
2016,0.1,30.04776527,-82.50507886
2016,0.4,30.0326561,-82.49621734
2016,0.1,30.02378548,-82.49618049
2016,0.5,30.02208207,-82.49604292
2016,0.1,30.0229057,-82.50198422
2016,0.5,30.02227892,-82.50711521
2016,0.25,30.00863976,-82.52074734
2016,2,29.95383593,-82.35389154
2016,0.5,29.95501928,-82.35398315
2016,1.5,29.95613292,-82.35135266
2016,1,29.95668714,-82.35310102
2016,0.25,29.95656157,-82.35378375
2016,0.1,29.95613604,-82.35491031
2016,0.1,29.95665946,-82.35564895
2016,0.2,29.95755045,-82.35354893
2016,0.1,29.95856731,-82.35572946
2016,0.75,29.9519568,-82.3529981
2016,0.25,29.95169952,-82.35218953
2016,0.1,30.22979434,-84.30098599
2016,16,30.86273911,-81.45692278
2016,0.5,30.62537113,-82.07600536
2016,0.28,30.48249535,-82.0573646
2016,10.49,30.51029568,-82.04829171
2016,1,30.51256449,-82.04809774
2016,18.71,30.51254421,-82.04718797
2016,9.82,30.46750532,-82.03662829
2016,0.35,30.47897268,-82.02396558
2016,1.83,30.45509977,-82.03348281
2016,0.59,30.45852285,-82.0386785
2016,4.36,30.44453003,-82.03833677
2016,1.04,30.3686609,-82.04687734
2016,0.38,30.3932402,-82.04640321
2016,1,30.40399405,-82.05420865
2016,1,30.36602957,-82.06446978
2016,1,30.37866772,-82.07810032
2016,0.24,30.41316569,-82.07504655
2016,0.07,30.38857505,-82.08837435
2016,0.01,30.38296104,-82.09679668
2016,0.21,30.38360038,-82.09425335
2016,2,30.69904129,-82.12540282
2016,0.5,30.36822673,-82.11702111
2016,0.2,30.38665995,-82.1911648
2016,0.5,30.3820753,-82.18738742
2016,0.09,30.42582802,-82.10514474
2016,0.9,30.39995289,-82.13998164
2016,0.1,30.38049045,-82.14158024
2016,0.21,30.42410634,-82.08786844
2016,180,30.65600133,-82.05410423
2016,7,30.62334422,-82.06749278
2016,0.1,30.38871119,-82.08813309
2016,0.25,30.38349707,-82.0965235
2016,0.26,30.64355617,-82.11385274
2016,40,30.645523,-82.05369326
2016,6.53,30.5015231,-82.05808545
2016,0.05,31.97742384,-81.06991185
2016,0.25,31.97706584,-81.06982085
2016,0.3,31.352373,-81.55712873
2016,0.3,31.25699402,-81.3465568
2016,0.1,31.26135401,-81.3452468
2016,0.5,31.26341402,-81.3426668
2016,0.75,31.28213401,-81.3290268
2016,0.1,31.28138401,-81.3294368
2016,0.25,31.22218803,-81.3639218
2016,25,31.75419891,-81.5974217
2016,5,31.61361593,-81.27198581
2016,10,31.36921899,-81.40221878
2016,5.2,31.52854695,-81.32254279
2016,0.1,31.52372595,-81.3196278
2016,1.68,31.49995996,-81.35834879
2016,2.41,31.49126296,-81.36055478
2016,0.24,31.47277997,-81.42852677
2016,0.28,31.37618499,-81.42349377
2016,40,31.40143799,-81.49766875
2016,1.08,31.62568493,-81.32034579
2016,0.1,31.64379892,-81.26230181
2016,0.1,31.64025693,-81.26209381
2016,0.1,31.62893793,-81.26427381
2016,100,31.62554093,-81.27285481
2016,15,31.61267693,-81.26963581
2016,0.5,31.53298295,-81.3187458
2016,0.1,31.39587298,-81.27219082
2016,0.1,31.39830998,-81.27098182
2016,1,31.43005297,-81.26099682
2016,0.5,31.42945297,-81.26504282
2016,0.1,31.64703193,-81.30386279
2016,4.2,31.54036995,-81.42222177
2016,5.9,31.54265295,-81.42448176
2016,0.1,31.63069693,-81.3009068
2016,8,31.61950893,-81.2880438
2016,20,31.62486993,-81.2834238
2016,20,31.62817793,-81.2858078
2016,90,31.62461893,-81.2777778
2016,10,31.62647993,-81.26735881
2016,10,31.62420193,-81.2800158
2016,1.5,31.54163795,-81.41868677
2016,1,31.54265095,-81.42005677
2016,0.63,31.63704193,-81.39597577
2016,0.1,31.63459093,-81.39156177
2016,0.36,31.63748093,-81.38948777
2016,0.26,31.54739595,-81.40730077
2016,7.6,31.54386795,-81.42353677
2016,8,31.36454699,-81.40548378
2016,0.55,31.58178394,-81.34508679
2016,0.78,31.57823394,-81.35035678
2016,0.6,31.40313398,-81.40203678
2016,0.58,31.47475397,-81.42273677
2016,1.75,31.47439397,-81.42394677
2016,1,31.47764397,-81.42047677
2016,0.18,31.47956397,-81.42092677
2016,0.2,31.60985394,-81.41739676
2016,0.25,31.31899433,-90.99599407
2016,10,31.47711729,-90.95513208
2016,2,31.4395443,-91.11596404
2016,0.25,31.4514723,-91.14005903
2016,3,31.43309331,-91.13515503
2016,4,31.43309331,-91.13711203
2016,3,31.37523332,-91.09358505
2016,4,31.35472832,-91.06535705
2016,3,31.4392403,-91.07154605
2016,2,31.4380053,-91.07231605
2016,10,31.4647143,-91.01797906
2016,5,31.4543403,-90.98339507
2016,3,31.4385373,-91.07288005
2016,0.5,33.73188378,-89.77478428
2016,1,37.67938042,-75.77110217
2016,2,37.7233344,-75.60491322
2016,0.04,37.72127241,-75.80084216
2016,0.04,37.62836543,-75.77324267
2016,10,38.09436243,-78.52899229
2016,0.06,37.27851458,-78.07081948
2016,0.06,37.3842015,-76.377504
2016,1.5,32.87894586,-87.41637098
2016,2,32.87253487,-87.41726098
2016,1.5,32.89618386,-87.37610499
2016,0.5,32.87624586,-87.37798299
2016,0.5,32.87487686,-87.37825399
2016,2,32.86641587,-87.40226099
2016,0.1,31.4519943,-91.20599401
2016,0.5,32.95803185,-87.39783398
2016,5,32.91874986,-87.46308597
2016,1,32.94681485,-87.47891396
2016,0.5,32.98227984,-87.47339896
2016,0.5,32.88721886,-87.31982301
2016,0.3,33.01410383,-87.319823
2016,0.5,32.91607488,-87.40563073
2016,7.5,32.67274089,-87.06579009
2016,1,32.67253589,-87.06941709
2016,0.5,32.92185886,-87.43036697
2016,0.03,31.39567432,-91.22913401
2016,0.1,31.45079431,-91.20077401
2016,0.25,31.43784431,-91.16916402
2016,0.5,31.4556543,-91.12519403
2016,0.1,31.4564043,-91.12811403
2016,4.4,31.40542431,-91.18383402
2016,0,31.40617431,-91.18400402
2016,0.1,31.42033431,-91.14375403
2016,0.01,31.38819432,-91.14552603
2016,0.01,31.41327431,-91.14840403
2016,1,31.43772431,-91.16856402
2016,1.12,31.39754432,-91.22632401
2016,0.1,31.40780431,-91.15839403
2016,0.5,31.43761431,-91.19031402
2016,2.3,31.14369936,-90.97501409
2016,0.42,31.24039974,-91.05633736
2016,0.1,31.24491434,-91.04736406
2016,0.98,31.24621024,-91.04704296
2016,0.48,31.24964534,-91.11587545
2016,1.59,31.26193895,-91.20820832
2016,1,31.26809434,-91.16784403
2016,0.1,31.27429954,-91.11009335
2016,0.5,31.27583384,-91.17102083
2016,0.1,31.27874604,-91.18062873
2016,0.25,31.27885714,-91.17102573
2016,0.25,31.27896064,-91.17953163
2016,0.25,31.27957584,-91.10601235
2016,0.59,31.28015504,-91.10465795
2016,0.5,31.28032544,-91.13637124
2016,3.33,31.28107854,-91.25459741
2016,0.7,31.28109434,-91.25469401
2016,0.25,31.28123434,-91.19916682
2016,1,31.28173824,-91.18268313
2016,0.1,31.28243684,-91.12726584
2016,0.25,31.28267594,-91.14665724
2016,0.1,31.28338934,-91.14766043
2016,0.29,31.28383284,-91.14405854
2016,4.53,31.28424114,-91.23833491
2016,2.34,31.28439434,-91.23849401
2016,2.54,31.28551084,-91.23477311
2016,1.73,31.28602854,-91.23790701
2016,0.1,31.28712614,-91.15375213
2016,0.1,31.28743284,-91.25254341
2016,0.71,31.28778853,-90.95316119
2016,0.25,31.29308224,-91.23263421
2016,0.82,31.29404054,-91.25799341
2016,1.5,31.29409434,-91.257994
2016,0.25,31.29521874,-91.2596501
2016,0.9,31.29598724,-91.2594143
2016,0.63,31.29798814,-91.2623422
2016,1.25,31.30139433,-90.95463409
2016,0.21,31.31034483,-90.96408038
2016,1.71,31.31157923,-90.96610198
2016,0.5,31.31357622,-90.87397021
2016,0.25,31.31361523,-91.20782522
2016,1.85,31.31384483,-91.21077252
2016,0.47,31.31430474,-91.2590002
2016,0.82,31.31462434,-91.258314
2016,0.5,31.31619253,-90.96750158
2016,1.73,31.31657434,-91.261714
2016,0.2,31.32057023,-91.19762152
2016,0.82,31.32330193,-91.19886472
2016,0,31.32575293,-91.22728171
2016,0.25,31.32580922,-90.96609228
2016,0,31.32636413,-91.22542901
2016,1.09,31.32764432,-90.87986411
2016,0.25,31.32902572,-90.92658049
2016,0.15,31.33437722,-90.85647831
2016,0.17,31.33523882,-90.86179841
2016,4.93,31.33698992,-90.96513868
2016,0.67,31.33723512,-90.85189831
2016,0.2,31.34220282,-90.8852241
2016,0.1,31.34284002,-90.8818074
2016,1.66,31.34411011,-90.85086311
2016,0.3,31.34541571,-90.83918412
2016,0.07,31.34844911,-90.85531871
2016,0.14,31.34935821,-90.85494781
2016,0.42,31.34997321,-90.80822302
2016,0.27,31.35046991,-90.85618521
2016,0.2,31.35373721,-90.83294462
2016,0.1,31.35400411,-90.83377902
2016,1.26,31.36694472,-90.99726477
2016,0.1,31.36772912,-90.99733667
2016,0.75,31.36840532,-91.00191567
2016,0.1,31.37540102,-91.05456226
2016,0.25,31.37848452,-91.14318123
2016,0.5,31.37896242,-91.05397496
2016,0.25,31.37977601,-90.84763351
2016,0.62,31.37995851,-90.92023529
2016,1,31.38039771,-90.84849471
2016,0.5,31.38053602,-91.14546103
2016,1.15,31.38182652,-91.15231273
2016,2.72,31.38286762,-91.18261832
2016,0.89,31.38289432,-91.18269402
2016,0.25,31.38411902,-91.18243282
2016,2.06,31.38482942,-91.15503803
2016,4.77,31.38539432,-91.17145402
2016,0.5,31.38703351,-91.04768026
2016,2.09,31.38714232,-91.21105771
2016,0.47,31.38719432,-91.21109401
2016,0.19,31.38723411,-91.04637786
2016,0.37,31.38798831,-91.04874456
2016,1,31.38808821,-91.05022986
2016,1,31.38990201,-90.99527977
2016,0.75,31.39117731,-91.04115706
2016,0.25,31.39244602,-91.20262782
2016,0.25,31.39261682,-91.15369993
2016,0.25,31.39284032,-91.20330441
2016,0.99,31.39299682,-91.20914991
2016,0.43,31.39371061,-90.97328048
2016,1,31.39376832,-91.15993313
2016,1.89,31.39422431,-90.97653408
2016,0.1,31.39439802,-91.20252932
2016,1.58,31.39517721,-90.98345007
2016,1.36,31.39518432,-91.17748402
2016,0.25,31.39559491,-91.15306253
2016,0.42,31.39565811,-90.97716368
2016,0.2,31.39670432,-91.20795401
2016,0.2,31.39675432,-91.22853401
2016,0.5,31.39739562,-91.20529211
2016,0.25,31.39862942,-91.15933693
2016,0.44,31.399072,-90.82722492
2016,1.27,31.39983432,-91.18339402
2016,0.5,31.40031011,-91.03840566
2016,0.25,31.4004361,-90.86890111
2016,0.1,31.40064571,-91.03751876
2016,0.1,31.40080581,-91.15755543
2016,0.1,31.40106791,-90.96766138
2016,0.1,31.40159131,-90.96537208
2016,1.02,31.4022443,-90.8789141
2016,1.38,31.4023043,-90.8910641
2016,0.2,31.40267861,-91.15909583
2016,1.11,31.4027312,-90.8888342
2016,0.92,31.4027943,-90.8888941
2016,2,31.40280271,-91.18958602
2016,0.5,31.40304231,-91.18104602
2016,0.5,31.40326131,-91.15989953
2016,0.25,31.40343801,-91.15950313
2016,1,31.40374511,-91.05183985
2016,0.1,31.40455167,-91.05941855
2016,0.25,31.40464731,-91.15975593
2016,0.64,31.40517621,-91.06026295
2016,1.08,31.4057652,-90.9032174
2016,0.94,31.4057943,-90.90329409
2016,4.87,31.4060022,-90.83074581
2016,0.45,31.40653281,-91.05390945
2016,0.1,31.40746431,-91.15776403
2016,0.1,31.40774731,-91.15002183
2016,0.25,31.40839281,-91.15573353
2016,0.75,31.40860481,-90.99586957
2016,1,31.40872321,-91.14918503
2016,0.25,31.40883601,-91.15441483
2016,2.78,31.40897371,-91.15836513
2016,0.25,31.40927441,-91.15394433
2016,0.75,31.40983621,-90.99792247
2016,0.1,31.41094431,-91.18946402
2016,2,31.41119851,-90.97232238
2016,0.68,31.41144181,-91.05729875
2016,2.13,31.41165431,-91.18844402
2016,0.1,31.41173011,-91.05639965
2016,0.9,31.41190381,-91.05569135
2016,1,31.41253831,-91.19934652
2016,0.5,31.4128692,-90.85792371
2016,0.8,31.4130482,-90.95984318
2016,0.1,31.41308211,-91.07883715
2016,0.15,31.4130876,-90.85889651
2016,0.1,31.41326261,-91.07957875
2016,0.85,31.4134702,-90.95932348
2016,0.4,31.41492391,-90.99401117
2016,0.78,31.41505161,-91.15360463
2016,0.61,31.4151955,-90.99332827
2016,0.79,31.41529431,-90.99339407
2016,2.5,31.4160952,-90.84992031
2016,0.1,31.41631861,-91.15498203
2016,0.44,31.4164123,-90.84907731
2016,0.61,31.41645671,-91.15729943
2016,0.7,31.4169115,-90.99418567
2016,0.1,31.41718361,-91.08055575
2016,0.1,31.41778481,-91.06709815
2016,0.1,31.41786961,-91.07293565
2016,0.1,31.41819691,-91.06644325
2016,0.25,31.41887331,-91.06140715
2016,0.1,31.41910551,-91.07250895
2016,0.5,31.41981241,-91.15773563
2016,0.1,31.41984431,-91.07127525
2016,0.1,31.4201913,-90.80807842
2016,1.14,31.42041611,-91.15715323
2016,0.61,31.42054241,-91.05025325
2016,1.14,31.4215019,-90.81612102
2016,1.05,31.4215943,-90.81619412
2016,0.01,31.42166431,-91.17529402
2016,0.1,31.42171431,-91.06348405
2016,0.1,31.42227431,-91.17533402
2016,0.94,31.42237521,-91.04972315
2016,1.35,31.42322401,-91.15809213
2016,0.7,31.4232499,-90.99437557
2016,0.25,31.42458271,-91.15647193
2016,0.3,31.42555161,-91.15918493
2016,0.97,31.4255794,-90.99766247
2016,0.75,31.42740521,-91.15591543
2016,2.16,31.42811741,-91.15590583
2016,1,31.4297236,-90.96965338
2016,1,31.43013841,-91.14893003
2016,2.72,31.43412581,-91.22022561
2016,1.02,31.4346236,-90.98949187
2016,1.34,31.4347271,-90.81860032
2016,0.3,31.43491351,-91.14962993
2016,0.2,31.43559911,-91.14930553
2016,0.75,31.43618111,-91.17229562
2016,0.25,31.43627031,-91.13405293
2016,0.9,31.43683449,-90.81592192
2016,3.38,31.43696531,-91.16991682
2016,0.2,31.43733571,-91.14864543
2016,0.1,31.43803021,-91.19308252
2016,0.5,31.43834411,-91.13191063
2016,0.55,31.4389707,-91.02309716
2016,0,31.4398405,-91.07154615
2016,0.05,31.44085531,-91.20402141
2016,1,31.44112591,-91.21070341
2016,1.5,31.4412313,-91.10916714
2016,0.73,31.4412943,-91.10919404
2016,1,31.44129841,-91.20953791
2016,1.79,31.4413943,-91.10919404
2016,0.98,31.4415031,-91.07032355
2016,0.1,31.44160171,-91.21123341
2016,0.94,31.44168849,-90.81219832
2016,0.61,31.44169429,-90.81229412
2016,1.15,31.4422036,-91.06610865
2016,0.58,31.443451,-91.06614705
2016,0.5,31.4435001,-91.11332384
2016,1.81,31.44455729,-90.82863843
2016,1.34,31.44459429,-90.82869411
2016,0.5,31.44496621,-91.21210751
2016,0.2,31.44507749,-90.82912461
2016,4.09,31.44585179,-90.80020472
2016,0.25,31.4462393,-91.13880623
2016,0.1,31.4470429,-91.02196656
2016,0.1,31.4472569,-91.06035935
2016,5,31.4492973,-91.14087413
2016,0,31.44951431,-91.20118401
2016,0,31.44993431,-91.20178401
2016,1.59,31.4500524,-90.98506687
2016,1.35,31.45022749,-90.81835172
2016,4.3,31.45027431,-91.20038401
2016,1.01,31.45029429,-90.81839412
2016,0.74,31.4509369,-91.11048464
2016,0.25,31.45100921,-91.20803551
2016,0.28,31.4511479,-90.98578767
2016,1,31.4511628,-91.10562134
2016,0.56,31.4517177,-91.12482393
2016,0.5,31.45173431,-91.20542401
2016,0.93,31.4519621,-90.98497357
2016,1.18,31.4519943,-90.98499407
2016,1.42,31.452003,-90.99180787
2016,0.54,31.4524771,-90.98622927
2016,1.27,31.4525253,-91.12778543
2016,0.25,31.4525626,-91.10593634
2016,0.25,31.4532337,-91.10442874
2016,1.31,31.4545143,-91.10806404
2016,0.1,31.4554358,-91.01518086
2016,0.96,31.4557504,-91.10586574
2016,0.1,31.4564092,-91.10493944
2016,0.39,31.4616669,-91.03352026
2016,1.96,31.4627118,-91.03508516
2016,0.25,31.4629905,-91.01744616
2016,0.1,31.4631643,-91.11137404
2016,0.25,31.4634443,-91.11105404
2016,0.1,31.4646573,-91.03827456
2016,1.3,31.46656929,-90.97462947
2016,0.62,31.46779739,-90.97596127
2016,1.19,31.46789429,-90.97599407
2016,0.87,31.46799429,-90.97609407
2016,1.9,31.46936348,-90.71843044
2016,0.1,31.47137268,-90.71828854
2016,0.1,31.47282638,-90.71903214
2016,1.19,31.47707859,-90.95840558
2016,1.33,31.47709429,-90.95849408
2016,0.49,31.47719429,-90.95519408
2016,1.41,31.47982829,-90.95743408
2016,1.65,31.47989429,-90.95749408
2016,2.48,31.48189739,-90.95957118
2016,0.1,31.48294519,-90.8692158
2016,1.35,31.48544479,-90.97367327
2016,1.01,31.48574048,-90.71805234
2016,2.29,31.48637419,-91.03125616
2016,0.1,31.48839299,-91.03399876
2016,0.1,31.49016718,-90.71983244
2016,0.1,31.49020879,-91.02348056
2016,0.1,31.49021908,-90.71917024
2016,1.32,31.49042759,-91.03656596
2016,0.1,31.49199939,-91.02674726
2016,0.25,31.49201189,-91.03402305
2016,1.49,31.49501019,-90.96511607
2016,0.1,31.49744549,-90.96931847
2016,0.25,31.49815489,-90.96919467
2016,0.1,31.50216738,-90.8548305
2016,0.1,31.53487948,-90.90050159
2016,0.1,31.53633078,-90.90164789
2016,0.25,31.53728197,-90.78791272
2016,0.1,31.53815417,-90.79237852
2016,2.2,31.53867437,-90.80922491
2016,1.42,31.53869427,-90.80929411
2016,0.5,31.53929837,-90.79324582
2016,0.83,31.53996887,-90.78885312
2016,0.1,31.54017347,-90.79302092
2016,1.13,31.54144317,-90.79310272
2016,0.88,31.54678097,-90.79763842
2016,1.93,31.55915627,-90.79200582
2016,0.96,31.55919427,-90.79209412
2016,0.6,31.55929427,-90.79219412
2016,0.25,31.55960997,-90.80060492
2016,1.05,31.56099027,-90.79624072
2016,2.38,31.56247727,-90.80120902
2016,0.75,31.57822276,-90.67553075
2016,0.2,31.58034096,-90.79893511
2016,0.61,31.59366346,-90.78844272
2016,0.1,31.62036125,-90.78521192
2016,0.3,31.62382045,-90.69577314
2016,1.72,31.63368385,-90.69258624
2016,0.65,31.64602335,-90.69720214
2016,0.1,31.64710344,-90.63892356
2016,0.67,31.64787985,-90.69552104
2016,0.1,31.64838534,-90.63777345
2016,0.1,31.64920554,-90.63809875
2016,0.1,31.65398735,-90.72473073
2016,0.81,31.66824974,-90.73310353
2016,0.1,31.69785853,-90.65559385
2016,0.1,31.70209173,-90.66106635
2016,0.1,31.70471773,-90.65989105
2016,0.1,31.70481473,-90.65898455
2016,0.62,31.70504553,-90.66816614
2016,0.1,31.70600113,-90.67020194
2016,0.1,31.70803413,-90.66849664
2016,0.34,31.70807743,-90.66231905
2016,0.1,31.70896053,-90.66926334
2016,0.99,31.71588623,-90.65628945
2016,1,31.71588893,-90.65712735
2016,0.91,31.71683953,-90.65858575
2016,1,31.72067433,-90.65605595
2016,1.33,31.72137643,-90.66510934
2016,0.1,31.73044343,-90.67615224
2016,3.35,31.73063163,-90.67573144
2016,2.15,31.73069423,-90.67579414
2016,0.96,31.73241793,-90.67740994
2016,0.05,31.73247473,-90.67791694
2016,0.1,31.73270023,-90.67281814
2016,0.7,31.73355713,-90.67210984
2016,0.73,31.73410853,-90.67802454
2016,0.61,31.73419423,-90.67809414
2016,0.68,31.73425553,-90.66953744
2016,0.1,31.76063112,-90.71135563
2016,0.1,31.76421582,-90.69847983
2016,0.1,31.76588702,-90.71068193
2016,4.3,32.05086412,-89.56682443
2016,1,32.05245412,-89.56318443
2016,0.25,32.06237412,-89.54132443
2016,2,32.06593412,-89.6526344
2016,1.6,32.06879412,-89.61463441
2016,0.3,32.06908412,-89.54651443
2016,1,32.07055411,-89.53193444
2016,0.1,32.07421412,-89.58809442
2016,0.5,32.07584411,-89.58684442
2016,0.5,32.07752411,-89.58745442
2016,0.25,32.07908412,-89.62610441
2016,1,32.08245011,-89.60047642
2016,0.25,32.08257411,-89.61233441
2016,0.3,32.08312411,-89.55540443
2016,1.2,32.08443411,-89.55912443
2016,0.25,32.08470411,-89.60447441
2016,0.25,32.08537411,-89.55708443
2016,0.5,32.08587411,-89.60022442
2016,1,32.08636312,-89.6552144
2016,1.3,32.08744411,-89.55001443
2016,1,32.08828411,-89.60655441
2016,0.3,32.09312411,-89.61279441
2016,0.5,32.09515411,-89.62329441
2016,0.1,32.09620411,-89.62151441
2016,0.25,32.10106411,-89.53292443
2016,0.25,32.10142411,-89.54461443
2016,0.3,32.10231411,-89.62523441
2016,2.5,32.10369411,-89.56604442
2016,0.5,32.10560411,-89.56659442
2016,0.1,32.10639411,-89.57980442
2016,0.1,32.10694411,-89.62141441
2016,0.3,32.1087441,-89.32322449
2016,3.6,32.10970411,-89.53757443
2016,0.5,32.11008011,-89.58178642
2016,0.5,32.11017411,-89.60611441
2016,3.6,32.11030411,-89.52917443
2016,0,32.11038411,-89.53848443
2016,1.5,32.1108641,-89.53090443
2016,4.3,32.11124411,-89.54883443
2016,1,32.11149411,-89.54889443
2016,0.25,32.11206411,-89.53928443
2016,0.5,32.11234911,-89.57919542
2016,0.1,32.11273411,-89.59112442
2016,0.1,32.1140441,-89.36886448
2016,0.1,32.11570411,-89.60002442
2016,2.61,32.11810411,-89.61986441
2016,3.5,32.1183841,-89.35370448
2016,11.8,32.1218871,-89.57600742
2016,7.5,32.1227901,-89.57333342
2016,0.1,32.1234141,-89.38315447
2016,0.2,32.1234941,-89.38211447
2016,0.1,32.1257441,-89.37891448
2016,1,32.12713411,-89.6317444
2016,0.25,32.12747411,-89.6456944
2016,2.49,32.12822411,-89.60755441
2016,0.5,32.12906411,-89.6423244
2016,1.5,32.1294641,-89.58445442
2016,1.8,32.1309741,-89.58196442
2016,0.1,32.13166709,-89.2794985
2016,0.1,32.1323041,-89.62153441
2016,3,32.1329941,-89.37797447
2016,0.25,32.13490409,-89.32589449
2016,1,32.1350241,-89.6476144
2016,0.1,32.1353191,-89.45131945
2016,0.1,32.1368461,-89.44882946
2016,0.25,32.1379441,-89.66684439
2016,0.5,32.1383241,-89.56880442
2016,4.76,32.1385641,-89.58592442
2016,0.2,32.13984409,-89.35434448
2016,18.1,32.1400241,-89.58867442
2016,0.5,32.1402941,-89.57523442
2016,0.2,32.14050409,-89.35553448
2016,1.5,32.1405741,-89.57486442
2016,0,32.1416341,-89.58816442
2016,1.3,32.1434841,-89.57498442
2016,1,32.1442241,-89.6449244
2016,0.1,32.14471009,-89.2769035
2016,6,32.1466441,-89.56668442
2016,0.1,32.1552541,-89.59360441
2016,0.3,32.15805409,-89.2847945
2016,0.5,32.15810409,-89.37285447
2016,1,32.1593441,-89.59435441
2016,1,32.1597341,-89.57203442
2016,0.1,32.16271109,-89.54317243
2016,0.5,32.16384409,-89.37488447
2016,0.25,32.1641641,-89.57232442
2016,2.9,32.1656241,-89.58606442
2016,0.1,32.17032409,-89.33234449
2016,0.2,32.17187408,-89.33531449
2016,0.1,32.17303409,-89.56342442
2016,0.2,32.17318408,-89.2892145
2016,0.5,32.17331409,-89.37642447
2016,0.2,32.17340409,-89.32570449
2016,0.25,32.17723409,-89.37172447
2016,0.25,32.17765409,-89.36998447
2016,0.5,32.18048409,-89.45939445
2016,0.1,32.18085409,-89.46080345
2016,0.25,32.18123409,-89.39284447
2016,0.1,32.18141409,-89.46181445
2016,0.5,32.18212409,-89.45735445
2016,0.5,32.18244409,-89.47091445
2016,0.1,32.18327408,-89.25741451
2016,3.13,32.18614408,-89.29748449
2016,0.1,32.18747909,-89.61528041
2016,0.1,32.18825209,-89.61880541
2016,0.1,32.18871408,-89.30054449
2016,0.25,32.18900408,-89.39382447
2016,0.1,32.18981409,-89.60888441
2016,0.1,32.18993608,-89.34872048
2016,0.1,32.19283608,-89.37030447
2016,0.5,32.19575408,-89.25590451
2016,0.1,32.19665409,-89.48205444
2016,0.5,32.19917408,-89.30293449
2016,0.1,32.19968409,-89.6350744
2016,0,32.20093409,-89.6336244
2016,2.5,32.20165409,-89.6321044
2016,0.5,32.20166408,-89.37605447
2016,0.1,32.20371208,-89.42994146
2016,1.5,32.20586408,-89.33883448
2016,0.1,32.20608108,-89.37443647
2016,0.1,32.20769408,-89.44488445
2016,1,32.20776408,-89.46094445
2016,0.1,32.21054007,-89.24041751
2016,0.1,32.21290207,-89.2653595
2016,0.1,32.21622409,-89.6196344
2016,1.5,32.21809409,-89.6165444
2016,0.25,32.21836409,-89.6171944
2016,3,32.22213407,-89.32753448
2016,0.1,32.22377407,-89.34089448
2016,0.3,32.22495408,-89.55724442
2016,0,32.22516408,-89.61239441
2016,0.9,32.22597408,-89.61496441
2016,0.1,32.22647408,-89.45926445
2016,2.4,32.22684408,-89.59654441
2016,0.9,32.22800408,-89.60386441
2016,0.1,32.22803408,-89.59501441
2016,0,32.22936408,-89.60557441
2016,0.1,32.23215408,-89.60326441
2016,0.3,32.23272408,-89.60916441
2016,0.1,32.23500408,-89.61060441
2016,0.1,32.23882408,-89.57086442
2016,0,32.23991407,-89.34150448
2016,0.1,32.24145408,-89.56984442
2016,0,32.24658408,-89.58526441
2016,1.52,32.24666408,-89.57940441
2016,0,32.24690408,-89.57572441
2016,1.87,32.24723408,-89.58503441
2016,0.1,32.24775407,-89.34083448
2016,0.2,32.24790408,-89.58835441
2016,2.4,32.24791408,-89.58628441
2016,0.1,32.24859407,-89.33961448
2016,0,32.24877408,-89.57577441
2016,0.4,32.24889408,-89.58676441
2016,1.79,32.24992408,-89.58810441
2016,0.1,32.25128407,-89.34103448
2016,0.1,32.25485407,-89.31456449
2016,0.1,32.25555407,-89.32871448
2016,0.1,32.25596408,-89.56949442
2016,0.1,32.25622408,-89.56885442
2016,0.1,32.25634407,-89.31799449
2016,0.5,32.25729407,-89.32221448
2016,0.1,32.25749407,-89.31725449
2016,0.1,32.25952407,-89.32148448
2016,0.8,32.26492407,-89.57005441
2016,0.2,32.27234407,-89.57333441
2016,0,32.27599407,-89.51002443
2016,1.62,32.27852407,-89.53789442
2016,0.1,32.27861407,-89.53962442
2016,0.1,32.27932407,-89.53479442
2016,0.1,32.28334407,-89.55127442
2016,0.1,32.28716407,-89.55321442
2016,0.1,32.28789407,-89.56036942
2016,0.1,32.28891706,-89.33938748
2016,0.1,32.29412107,-89.53434942
2016,0.1,32.29772407,-89.55765442
2016,0.1,32.29916407,-89.55556442
2016,0.5,32.29988407,-89.55311442
2016,0.1,32.30275407,-89.54620442
2016,1.2,32.30980406,-89.51661443
2016,0.3,32.31319406,-89.47039444
2016,0.1,32.31988406,-89.40618446
2016,0.3,32.32276406,-89.51870443
2016,0,32.32332406,-89.38849446
2016,0.1,32.32361406,-89.38924446
2016,1.22,32.32620406,-89.51368443
2016,0.5,32.33356406,-89.49936443
2016,2.3,32.33396405,-89.38652546
2016,1.9,32.33549406,-89.55953441
2016,1.4,32.33705406,-89.56042441
2016,0.1,32.33790405,-89.45694444
2016,3.3,32.33915406,-89.56924441
2016,0.8,32.33971405,-89.46415444
2016,1.5,32.34190405,-89.44975444
2016,0,32.34207405,-89.44920444
2016,1.3,32.34213406,-89.55171442
2016,1,32.34228406,-89.56836441
2016,0.8,32.34238406,-89.55554441
2016,0.1,32.34260405,-89.42907445
2016,1,32.34296406,-89.55627441
2016,0.1,32.34463406,-89.56096441
2016,1.13,32.34487406,-89.53097442
2016,0.49,32.34552406,-89.52936442
2016,0.1,32.34626406,-89.51648443
2016,0.1,32.34673406,-89.51549443
2016,1,32.34739405,-89.51542443
2016,0.1,32.34850405,-89.43857445
2016,0.2,32.34873405,-89.44246445
2016,0.2,32.34979405,-89.38989446
2016,0.1,32.35032405,-89.43969445
2016,2.9,32.35140406,-89.52598442
2016,1.83,32.35212405,-89.52019442
2016,0.1,32.35277405,-89.52566442
2016,0.1,32.35290405,-89.45414444
2016,0.1,32.35434406,-89.56973441
2016,0.1,32.35446406,-89.56837441
2016,0.1,32.35561405,-89.48753143
2016,0.1,32.35923405,-89.39586446
2016,1.22,32.36007405,-89.53492442
2016,0.8,32.36323405,-89.39060446
2016,0.75,32.36624405,-89.56133441
2016,0.5,32.37420405,-89.54925441
2016,0.61,32.37577405,-89.53769442
2016,0.25,32.37636405,-89.55111441
2016,0.4,32.37705405,-89.53911442
2016,2.28,32.37809405,-89.53911442
2016,0,32.37858405,-89.53992442
2016,0,32.37893405,-89.54130442
2016,0.96,32.38239405,-89.57889441
2016,1.3,32.38253405,-89.6224244
2016,1.68,32.38399405,-89.57899441
2016,1.04,32.38499405,-89.57599441
2016,3.5,32.38608405,-89.55095441
2016,6.74,32.38675405,-89.63673439
2016,0,32.38684405,-89.55023441
2016,0.25,32.38691405,-89.54020442
2016,1.2,32.38730405,-89.55186441
2016,0.8,32.38783405,-89.56083441
2016,0.3,32.39063405,-89.63874439
2016,0,32.39334405,-89.62185439
2016,1.8,32.39389405,-89.57257441
2016,2.12,32.39454405,-89.64077439
2016,0.1,32.39515105,-89.55766741
2016,1.33,32.39609405,-89.66939438
2016,1.6,32.39614405,-89.66414438
2016,2.3,32.39695405,-89.57969441
2016,1,32.39725405,-89.5808844
2016,3.15,32.39727405,-89.62413439
2016,0.1,32.39797105,-89.54088042
2016,1.77,32.39899405,-89.5979944
2016,1.61,32.39999405,-89.5989944
2016,0.44,32.40051405,-89.5997644
2016,3.3,32.40176405,-89.5851844
2016,0.5,32.40187405,-89.57421441
2016,1.3,32.40219405,-89.5847444
2016,3.46,32.40299405,-89.5969944
2016,2.76,32.40399405,-89.5939944
2016,1.9,32.40428405,-89.67333438
2016,0.97,32.40489805,-89.6021514
2016,1.2,32.40580404,-89.57087441
2016,0.1,32.40599405,-89.5939944
2016,1.2,32.40663404,-89.56927441
2016,2.8,32.41088405,-89.67211438
2016,10.6,32.41179405,-89.5989944
2016,0.6,32.41300404,-89.57757441
2016,0.2,32.41362404,-89.5795744
2016,1.1,32.41456405,-89.67209438
2016,0.25,32.41649404,-89.5903044
2016,0.66,32.41733404,-89.5875444
2016,2.38,32.41764404,-89.5858144
2016,0.8,32.41831404,-89.5860844
2016,0.1,32.41876404,-89.5853644
2016,2.3,32.41903404,-89.5888144
2016,0.4,32.41932404,-89.56647441
2016,3.11,32.42041404,-89.57269441
2016,0.3,32.42058404,-89.6091444
2016,0.5,32.42399404,-89.6049944
2016,1.19,32.42518404,-89.5836444
2016,0.5,32.42607404,-89.5826944
2016,1.2,32.42629404,-89.5829444
2016,1.7,32.42657405,-89.67598438
2016,1,32.42755404,-89.6025944
2016,2.6,32.42899404,-89.6028144
2016,1.7,32.42943404,-89.6030944
2016,1.2,32.42949404,-89.6017044
2016,0.1,32.42949404,-89.52835442
2016,0.25,32.43165404,-89.55304441
2016,0.1,32.44043604,-89.62126139
2016,1.6,32.44180404,-89.5778744
2016,0.1,32.44257404,-89.6010544
2016,0.3,32.44396404,-89.6046944
2016,0.3,32.44470404,-89.62242439
2016,0.25,32.44476404,-89.52524442
2016,0.3,32.44653404,-89.62209439
2016,0.2,32.44809404,-89.62629439
2016,0.2,32.44893403,-89.53090442
2016,0.5,32.45031403,-89.54054141
2016,2,32.45044404,-89.62582439
2016,0,32.45135404,-89.62546439
2016,1.5,32.45147404,-89.62665439
2016,0.2,32.48945403,-89.63269439
2016,2.3,32.50002403,-89.63360439
2016,0.92,32.50517403,-89.64168438
2016,2.2,32.50738403,-89.64419438
2016,0,32.50860403,-89.64384438
2016,0.2,32.51186403,-89.63348438
2016,0.1,32.51459402,-89.63434438
2016,1.3,32.51549402,-89.64126438
2016,0.2,32.51719403,-89.64107438
2016,0.1,32.51786602,-89.5944374
2016,0.2,32.51815402,-89.64136438
2016,1.7,32.52241402,-89.65538438
2016,1.03,32.52352402,-89.67090437
2016,0.1,32.53606402,-89.64690438
2016,4.7,32.53623402,-89.64121438
2016,0.2,32.54455402,-89.65649438
2016,0.7,32.54564402,-89.64438438
2016,0.8,32.54627402,-89.64155438
2016,1.9,32.55515402,-89.68366437
2016,1,33.29092363,-83.48457608
2016,1,33.30092363,-83.47106609
2016,10,33.36346362,-83.49057608
2016,2,33.36934361,-83.4009361
2016,4,33.38072361,-83.4095461
2016,17,33.38097361,-83.4093761
2016,1,33.38346361,-83.4109961
2016,0.2,33.38355361,-83.4109161
2016,3,33.38463361,-83.4116361
2016,0.2,33.38991361,-83.4137061
2016,1,33.45807368,-85.84567539
2016,1,33.56483356,-83.25650614
2016,0.1,33.56491356,-83.26091613
2016,2,33.57855356,-83.27103613
2016,1.006090569,32.84147188,-87.10536343
2016,1.006090569,31.41410054,-91.14900717
2016,2.019167877,32.51716413,-89.64235627
2016,1.006090569,32.22843814,-89.59112872
2016,6.080210537,31.45656004,-91.12784905
2016,1.006090569,31.39772779,-91.22727081
2016,2.019167877,31.40350237,-90.88847045
2016,6.080210537,32.78867921,-87.07175083
2016,2.019167877,31.41138753,-91.08021564
2016,2.019167877,31.38726309,-91.01474683
2016,6.080210537,32.92741836,-87.41253613
2016,2.019167877,32.075492,-89.54242387
2016,2.019167877,32.41151029,-89.60072656
2016,2.019167877,32.97633157,-87.36373642
2016,2.019167877,32.33980426,-89.43913435
2016,2.019167877,32.0658179,-89.65143954
2016,1.006090569,31.45242284,-91.14333208
2016,2.019167877,32.90890675,-87.36554588
2016,2.019167877,31.41262847,-91.03226428
2016,1.006090569,31.45310897,-91.20433569
2016,2.019167877,32.42430178,-89.60515843
2016,1.006090569,32.32982772,-89.47087705
2016,6.080210537,33.20910504,-89.09681966
2016,1.006090569,31.31470697,-90.88722795
2016,6.080210537,32.89282186,-87.41025774
2016,1.006090569,31.41064914,-90.90160342
2016,6.080210537,32.19012564,-89.3487421
2016,1.006090569,31.48969143,-90.96870901
2016,2.019167877,31.48176188,-91.03151957
2016,2.019167877,32.34374491,-89.55202705
2016,6.080210537,34.0338802,-88.94767499
2016,1.006090569,31.38558887,-91.22736107
2016,2.019167877,31.39847716,-91.07884994
2016,2.019167877,32.12347779,-89.3825422
2016,1.006090569,31.37623207,-90.85270361
2016,1.006090569,31.25196578,-91.10691391
2016,2.019167877,31.4924453,-90.74311248
2016,6.080210537,32.92466952,-87.47095623
2016,2.019167877,31.37401343,-91.06815468
2016,2.019167877,32.52251737,-89.65484131
2016,6.080210537,32.98958095,-87.45315891
2016,2.019167877,31.51205086,-90.73699432
2016,2.019167877,34.47476087,-89.41847669
2016,2.019167877,31.35078875,-91.08823997
2016,1.006090569,32.79820491,-87.16804218
2016,2.019167877,32.79453791,-87.00737844
2016,1.006090569,31.48814043,-90.96139451
2016,2.019167877,32.12946704,-89.30476572
2016,2.019167877,32.16581657,-89.36954636
2016,2.019167877,31.39851309,-90.82371015
2016,2.019167877,32.86274095,-87.17332188
2016,2.019167877,32.45028124,-89.60431138
2016,1.006090569,31.62781397,-90.70767356
2016,2.019167877,32.88164037,-87.46009805
2016,2.019167877,31.45567843,-91.12550823
2016,2.019167877,32.47930369,-89.61368572
2016,2.019167877,32.16049056,-89.58600551
2016,6.080210537,32.89344606,-87.40439189
2016,2.019167877,32.90811923,-87.37459129
2016,6.080210537,32.19057172,-89.34886547
2016,1.006090569,31.46724026,-91.01600002
2016,2.019167877,31.39484711,-91.17768556
2016,2.019167877,31.27670024,-91.08301965
2016,1.006090569,32.06858804,-89.55225925
2016,2.019167877,31.39099057,-91.0411353
2016,6.080210537,32.80177171,-87.14352891
2016,2.019167877,32.92246753,-87.49009722
2016,2.019167877,31.43884373,-91.16921405
2016,2.019167877,31.39446225,-91.10012328
2016,6.080210537,32.89360777,-87.39177032
2016,2.019167877,32.35066561,-89.56511074
2016,2.019167877,31.29769062,-91.17797722
2016,1.006090569,32.96645642,-87.47949402
2016,1.006090569,31.49120297,-90.97108957
2016,2.019167877,31.49587994,-90.77678484
2016,2.019167877,31.41851318,-91.07262159
2016,1.006090569,31.42065232,-91.14423659
2016,2.019167877,32.35120377,-89.56429123
2016,2.019167877,32.86282726,-87.44045684
2016,1.006090569,31.38668669,-91.14459012
2016,6.080210537,31.37540739,-91.09317981
2016,2.019167877,31.46673266,-90.9736528
2016,1.006090569,31.39486297,-91.22879984
2016,1.006090569,31.64117505,-90.72446845
2016,6.080210537,32.40248466,-89.58424282
2016,1.006090569,32.07416462,-89.58888846
2016,2.019167877,31.41402347,-91.03624432
2016,2.019167877,32.84960147,-87.344753
2016,1.006090569,32.85339101,-87.12259262
2016,2.019167877,32.72880467,-87.02204722
2016,2.019167877,32.13825479,-89.667716
2016,6.080210537,31.26126139,-91.20773162
2016,1.006090569,32.89638052,-87.44503664
2016,2.019167877,31.33576032,-91.01419318
2016,6.080210537,32.92411692,-87.30947286
2016,2.019167877,31.62555491,-90.80870776
2016,1.006090569,31.70640432,-90.66959253
2016,1.006090569,32.41560169,-89.58496627
2016,2.019167877,32.932414,-87.48896033
2016,2.019167877,32.17638008,-89.37050119
2016,1.006090569,31.4448852,-91.02527622
2016,2.019167877,33.4062489,-85.92235369
2016,6.080210537,32.99672544,-87.4600058
2016,2.019167877,31.45010324,-91.20002927
2016,6.080210537,32.88413219,-87.43355564
2016,1.006090569,32.50126953,-89.63298328
2016,2.019167877,32.17786168,-89.3720565
2016,1.006090569,31.48704444,-90.94634564
2016,1.006090569,31.38885311,-91.14550337
2016,2.019167877,31.47732103,-90.95689988
2016,2.019167877,31.45935901,-91.01243932
2016,2.019167877,32.70958488,-86.9555776
2016,2.019167877,31.46374792,-91.11101085
2016,2.019167877,34.23980371,-87.19789108
2016,2.019167877,32.99530299,-87.39147238
2016,1.006090569,32.13115864,-89.27900084
2016,1.006090569,31.39954055,-91.15315289
2016,2.019167877,31.39785286,-91.20600847
2016,6.080210537,32.1559192,-89.3394012
2016,2.019167877,31.48615015,-91.03269502
2016,6.080210537,32.97645999,-87.4746277
2016,2.019167877,31.38543286,-91.17082291
2016,6.080210537,34.02012833,-88.95046627
2016,2.019167877,32.16677094,-89.36839955
2016,2.019167877,32.97896081,-87.37296683
2016,1.006090569,32.38545478,-89.57710378
2016,1.006090569,31.45265018,-91.14490701
2016,2.019167877,31.46773145,-90.94183046
2016,1.006090569,31.48741185,-90.9598399
2016,2.019167877,31.46882533,-90.94794851
2016,2.019167877,32.41200778,-89.5997558
2016,2.019167877,31.39812914,-91.07838912
2016,1.006090569,31.43576753,-91.01907084
2016,6.080210537,32.88661027,-87.42635498
2016,2.019167877,31.71307446,-90.69866236
2016,6.080210537,32.94270206,-87.4437585
2016,2.019167877,32.15030271,-89.36386444
2016,2.019167877,31.46077433,-91.03360668
2016,2.019167877,31.46639412,-90.9337372
2016,1.006090569,32.91530393,-87.47250836
2016,1.006090569,32.96669947,-87.4801077
2016,2.019167877,32.39007538,-89.60783357
2016,6.080210537,32.66653609,-87.06470539
2016,2.019167877,32.89246371,-87.45266454
2016,2.019167877,31.31370397,-91.21031547
2016,2.019167877,31.48055923,-90.95906031
2016,2.019167877,32.41297207,-89.5999969
2016,2.019167877,31.38569712,-91.17223815
2016,6.080210537,33.46726458,-85.91097879
2016,2.019167877,32.37849991,-89.57066039
2016,2.019167877,31.40221519,-90.89070722
2016,1.006090569,32.78162643,-86.92317798
2016,2.019167877,32.09830859,-89.51439542
2016,1.006090569,31.50367054,-90.89977153
2016,2.019167877,31.3481839,-91.04521548
2016,2.019167877,32.45269057,-89.61658196
2016,2.019167877,31.27016441,-91.17067011
2016,2.019167877,32.90566731,-87.38275024
2016,2.019167877,32.35115495,-89.56509119
2016,2.019167877,31.62942159,-90.73010517
2016,1.006090569,32.28643348,-89.56528377
2016,1.006090569,31.45310757,-91.14617934
2016,2.019167877,32.86638286,-87.14535161
2016,1.006090569,32.36531685,-89.56733376
2016,2.019167877,32.86107634,-87.42012006
2016,1.006090569,32.28778709,-89.56524622
2016,1.006090569,32.36314993,-89.5626184
2016,2.019167877,33.01436746,-87.49639631
2016,2.019167877,33.01084913,-87.38150338
2016,2.019167877,32.99992304,-87.34906383
2016,6.080210537,32.93665202,-87.43437182
2016,1.006090569,32.80180192,-87.18093136
2016,2.019167877,31.39415233,-90.90804806
2016,2.019167877,32.31000412,-89.51585814
2016,6.080210537,32.64604695,-87.04078102
2016,2.019167877,32.45209159,-89.61726014
2016,2.019167877,33.40141716,-85.90073851
2016,2.019167877,31.32395264,-90.94541836
2016,10.27047575,35.41735955,-83.59005269
2016,7.103976021,35.40189562,-83.57326855
2016,19.72525726,35.43822878,-83.5773285
2016,3.480385866,32.90799885,-87.32918585
2016,25.57684842,35.44549604,-83.57916013
2016,5.277947669,35.3979204,-83.6524848
2016,2.417851382,35.39764641,-83.60938403
2016,5.077450074,35.42989432,-83.68105133
2016,4.571025649,35.43281822,-83.6837335
2016,4.852842836,35.42345978,-83.64730498
2016,34.82549936,35.44025613,-83.73621094
2016,1.732005585,35.43832455,-83.71772545
2016,7.346795421,35.43820403,-83.74624276
2016,2.637810488,35.43483047,-83.69737347
2016,6.603066963,35.42304237,-83.62405991
2016,1.788139421,35.43540278,-83.70406186
2016,2.975205189,35.43829204,-83.75342908
2016,4.165703055,35.3938107,-83.5828676
